Phase,Best_Position,Best_Z,Worst_Position,Worst_Z
Phase 1: 2000–2005 (Dynasty Build),QB,3.161032488635638,ST,0.0
Phase 2: 2006–2011 (Reload & Adjust),OL,0.3916619300666175,LB,-0.6586791524261378
Phase 3: 2012–2017 (Sustain & Decline),LB,0.913484990157509,QB,-0.6964077877309607
Phase 4: 2018–2023 (Post-Brady / Decline),LB,0.3854123334541619,Skill,-0.25117410706847787
