Phase,Patriots_Z,League_Z
Phase 1: 2000–2005 (Dynasty Build),1.309203582643912,-0.04269142117317105
Phase 2: 2006–2011 (Reload & Adjust),0.3166191865466056,-0.0102135221466647
Phase 3: 2012–2017 (Sustain & Decline),0.1680295359094646,-0.005420307609982727
Phase 4: 2018–2023 (Post-Brady / Decline),-0.5669192008403919,0.01828771615614171
