Phase,Patriots_Mean,League_Mean,Net_Diff
Phase 1: 2000–2005 (Dynasty Build),79.33371327698924,8.61905688465088,70.71465639233837
Phase 2: 2006–2011 (Reload & Adjust),20.54554636572689,9.244181976685276,11.301364389041613
Phase 3: 2012–2017 (Sustain & Decline),7.806378009914731,0.1513002731469486,7.655077736767782
Phase 4: 2018–2023 (Post-Brady / Decline),-33.62703779599335,-20.31084819561547,-13.316189600377882
