Phase,Patriots_Mean,League_Mean
Phase 1: 2000–2005 (Dynasty Build),74.86512232151071,7.331715734393659
Phase 2: 2006–2011 (Reload & Adjust),17.87937228465218,7.673834874859832
Phase 3: 2012–2017 (Sustain & Decline),2.3991161474624554,-0.16289739055658733
Phase 4: 2018–2023 (Post-Brady / Decline),-29.105825662682747,-16.894068697601135
